{"cameraMode":{"drawMode":0,"name":"Shaded","section":"Shading Mode"},"sceneLighting":true,"audioPlay":false,"sceneViewState":{"m_AlwaysRefresh":false,"showFog":true,"showSkybox":true,"showFlares":true,"showImageEffects":true,"showParticleSystems":true,"showVisualEffectGraphs":true,"m_FxEnabled":true},"in2DMode":false,"pivot":{"x":3.8325562477111818,"y":-9.89666748046875,"z":-39.21101379394531},"rotation":{"x":-0.0007958622300066054,"y":0.9641660451889038,"z":-0.2652844190597534,"w":-0.0028925063088536264},"size":58.48523712158203,"orthographic":false}